Institution ID,ï»¿Institution,City,State/Province,Country
30,Beihang Univeristy,Beijing,,China
599,North China Electric Power Univercity,Changping,Beijing,China
901,Sichuan University,Chengdu,Sichuan,China
795,"Shandong University, Shandong, China",Jinan,Shandong,China
1010,Sun Yat-sen University,GuangZhou,GuangDong,China
23,BeiJing University Of Post And Telecommunication,Beijing,Beijing,China
938,"South China Normal University, Guangzhou, P.R. China",Guangzhou,Guangdong,China
835,Shanghai University of Finance and Economics,Shanghai,Shanghai,China
570,Nankai University,Tianjin,,China
21,BeiJing University Of Post And Telecommunication,BEIJING,BEIJING,China
828,Shanghai University of Electric Power,Shanghai,,China
377,Huazhong Agricultural University,Wuhan,Hubei,China
972,Southwest Jiaotong University,CHENGDU,SICHUAN,China
19,BNU-HKBU United International College,Zhuhai,Guangdong,China
1066,Tianjin University of Commerce,Tianjin,China Mainland,China
353,High School Affiliated to People's University (RDFZ),Beijing,,China
992,Southwestern University of Finance and Economics,Chengdu,Sichuan,China
379,Huazhong Agriculture University,WuHan,Hubei,China
1382,shenyang jianzhu university,shenyang,Liaoning,China
403,Idaho State University,Pocatello,ID,USA
1181,University of Science and Technology of China,Hefei,Anhui,China
573,Nankai University,Tianjin Province,,China
625,Northwestern Polytechnical University,Xi'an,Shaanxi,China
1081,Tongji University,shanghai,Shanghai,China
721,SUN YAT-SEN UNIVERSITY,GUANG ZHOU,,China
882,Shijiazhuang Tiedao University,Shijiazhuang,Hebei,China
1080,Tongji University,Shanghai,Shanghai,China
1251,Wuhan University,Wuhan,Hubei,China
254,Fudan University,Shanghai,,China
849,Shanxi University,Taiyuan,Shanxi,China
1005,Sun Yat-Sen University,Guangzhou,Guangdong,China
712,SHANGHAI UNIVERSITY OF FINANCE AND ECONOMICS,SHANGHAI,SHANGHAI,China
957,South-Central University for Nationalities,WuHan,HuBei,China
149,Chongqing University,Chongqing,Chongqing,China
872,Shenyang jianzhu University,Shenyang,Liaoning,China
932,South China Normal University,Guangzhou,,China
241,Economics,beijing,beijing,China
232,East China University Of Science And Technology,Shanghai,Shanghai,China
46,Beijing National Day School,Beijing,,China
862,Shenyang Jianzhu University,Shenyang,Liaoning,China
56,Beijing University of Aeronautics and Astronautics,Beijing,Beijing,China
694,Renmin University of China,Beijing,Beijing,China
1375,school of mathematics,shanghai,shanghai,China
1135,University of International Business and Economics,Beijing,,China
771,Shandong Institute of Business and Technology,Yantai,Shandong,China
641,Officers College Of CAPF,ChengDu,SiChuan,China
740,"School of Information, Renmin University of China",Beijing,Beijing,China
236,East China University of Science and Technology,Shanghai,Shanghai,China
653,Panzhihua University,Pan Zhihua,SiChuan,China
658,Peking University,Beijing,,China
219,Donghua University,Shanghai,Shanghai,China
1207,University of science and technology of China,Hefei,Anhui,China
49,Beijing Normal University,Beijing,China,China
225,East China Institute of Technology,Nanchang,Jiangxi,China
863,Shenyang Jianzhu University,shenyang,Liaoning,China
286,Guangdong University of Foreign Studies,Guangzhou,Guangdong,China
86,Capital University of Economics and Business,Beijing,,China
428,Institute of Microelectronics,Beijing,Beijing,China
577,"Nankai university ,China",Tianjing,Tianjing,China
1079,Tongji University,SHANGHAI,,China
482,Lanzhou university,lanzhou,Gansu,China
555,Nanjing University,"Haian,Nantong",Jiangsu,China
1283,Xi'an University of Posts and Telecommunications,Xi'an,Shaanxi,China
969,Southern Medical University,Guangzhou,Guangdong Province,China
309,Harbin Institute of Technology,Harbin,Heilongjiang,China
199,Dalian Maritime University,Dalian,Liaoning,China
1078,TongJi university,ShangHai,,China
1335,Zhejiang University,Hangzhou,Zhejiang,China
1360,Zhongnan University of Economics and Law,Wuhan,Hubei,China
1321,ZUEL,wuhan,hubei,China
230,East China Normal University,Shanghai,,China
851,Shanxi University,"Taiyuan, Shanxi",,China
850,Shanxi University,"Taiyuan , Shanxi",,China
249,"FuYang Normal College, AnHui, China.",FuYang,,China
259,"Fuyang Normal College, Anhui province, China.",Fuyang,yingzhou,China
258,"Fuyang Normal College, Anhui province, China.",FuYang,yingzhou,China
811,Shanghai Jiao Tong University,Shanghai,Shanghai,China
809,Shanghai Jiao Tong University,Shang Hai,Shang Hai,China
852,Shanxi University,"Taiyuan, Shanxi,",,China
812,Shanghai Jiao Tong University,shanghai,shanghai,China
853,Shanxi University,"Taiyuan,Shanxi",,China
600,North China Electric Power University,Baoding,Hebei Province,China
300,Hainan University,HaiKou,HaiNan,China
734,School of Electrical Engineering,Wuhan,Hubei,China
725,Sacred Heart University,Fairfield,CT,USA
737,"School of Engineering,Sun Yat-Sen University",Guangzhou,Guangdong,China
933,South China Normal University,Guangzhou City,Guangdong,China
1240,WuHan University Of Tecnology,WuHan,HuBei,China
1180,University of Science and Technology of China,HeFei,AnHui,China
787,Shandong University of Science and Technology,Qingdao,P.R.China,China
868,Shenyang Pharmaceutical University,Benxi,Liaoning,China
750,"School of Reliability and Systems Engineering,Beihang University",Beijing,Beijing,China
1317,Yunnan Normal University,Kunming,Yunnan Province,China
189,Columbia University,New York,NY,USA
922,South China Agricultural University,Guangzhou,Guangdong,China
873,Shenyang jianzhu University,shenyang,Liaoning,China
1391,the city college of jilin jianzhu university,Changchun City,jilin,China
61,Beijing University of Technology,Beijing,Beijing,China
991,Southwestern University of Finance and Economics,ChengDu,Wenjiang,China
301,Hainan University,Haikou,Hainan,China
1021,Taiyuan University,jinzhong,shanxi,China
197,Dalian Institute of Science and Technology,Dalian,Liaoning,China
413,Inner Mongolia Agricultural University,Hohhot,,China
215,Dongbei University of Finance and Economics,Dalian,Liaoning Province,China
1141,University of International Business and Economy,Beijing,Chaoyang,China
1138,University of International Business and Economics of China,Beijing,,China
840,Shanghai Universtiy of Finance and Economics,Shanghai,,China
1103,Undergraduate course,Xi'an,Shan Xi,China
324,Hefei No.8 high school,Hefei,Anhui,China
685,RENMIN UNIVERSITY of CHINA,Beijing,China,China
190,Communication University of China,Beijing,,China
1011,Sun Yat-sen University,Guangzhou,Guangdong,China
163,Civil Aviation University of China,Tianjin,,China
1095,UNIVERSITY OF SCIENCE AND TECHNOLOGY OF CHINA,Hefei,Anhui,China
180,"College of Science, Northeastern University, China",Shenyang,Liaoning,China
994,Southwestern University of Finance and Economics,chengdu,sichuan,China
965,Southeast University,NANJING,JIANGSU,China
1133,University of International Business and Economics,BEIJING,BEIJING,China
1288,Xiamen University,Xiamen,Fujian,China
956,South-Central University for Nationalities,Wu han,Hu bei,China
1148,University of Internetional Business and Economics,Beijing,,China
838,Shanghai University of Financial & Economics,Shanghai,,China
352,Hexi University,Zhangye,Gansu,China
41,Beijing Institute of Technology,Beijing,Beijing,China
556,Nanjing University,Nanjing,Jiangsu,China
1276,Xi'an University of Architecture and Technology,Xi'an,Shaanxi,China
220,Donghua university,Shanghai,,China
964,SouthWestern University of Finance and Economics,chengdu,sichuan,China
1192,University of Shanghai for Science and Technology,Shanghai,Shanghai,China
1108,Universith of International Business and Economics,Beijing,,China
981,Southwest University of Finance and Economics,Chengdu,Sichuan,China
1116,University of Business and Economics,Beijing,Beijing,China
105,Cheng Yi College of Jimei University,Xiamen,Fujian,China
1098,USTC,Hefei,Anhui,China
1399,university of international business and economics,Beijing China,Beijing,China
1139,"University of International Business and Economics, China",Beijing,Beijing,China
1092,UIBE,Beijing,,China
807,Shanghai Jiao Tong Univeresity,Shanghai,Shanghai,China
1093,UNIVERSITY OF INTERNATIONAL BUSINESS AND ECONOMICS,BEIJING CHINA,BEIJING,China
898,Sichuan Uinversity,Chengdu,Sichuan,China
1014,Sun Yat-sen University&Peking University&Peking University,Guangzhou,,China
753,School of Statistics,Beijing,,China
1398,university of international business and economics,Beijing,Beijing,China
796,Shandong university,Jinan,Shandong,China
281,Guangdong University of Finance,Guangzhou,GuangDong,China
559,Nanjing University of Information Science & Technology,"Nanjing,Jiangsu Province",,China
1333,Zhejiang University,Hang Zhou,Zhe Jiang,China
1234,Wheaton College (IL),Wheaton IL,IL,USA
327,Heilongjiang College of Construction,Harbin,Heilongjiang,China
867,Shenyang Normal University,Shenyang,Liaoning,China
596,Ningxia University,Yinchuan,the Ningxia Hui Autonomous Region,China
522,Minzu University of China,Beijing,Beijing,China
885,Shiyuan College of Guangxi Teachers Education University,Nanning,Guangxi,China
48,Beijing Normal University,Bei Jing,Bei Jing,China
709,SHANGHAI JIAO TONG UNIVERSITY,Shanghai,SHANGHAI,China
1307,Yangtze University,Jingzhou,Hubei,China
560,Nanjing University of Information Science and Technology,Nanjing,Jiangsu,China
305,Hangzhou Normal University,Hangzhou,Zhejiang,China
100,Changchun University of Science and Technology,Changchun,Jilin,China
558,Nanjing University of Information Science & Technology,Nanjing,Jiangsu,China
329,Heilongjiang University,Harbin,Heilongjiang,China
1358,Zhongnan University Of Economics And Laws,Wuhan,Hubei,China
316,He'nan Normal University,xinxiang,Henan,China
92,Central University of Finance and Ecomomics,Beijing,Asia,China
1003,"State University of New York, University at Buffalo",Buffalo,NY,USA
376,Huazhon university of science and technology,Wuhan,Hubei,China
598,North China ELectric Power University,Beijing,,China
65,BeijingÂ UniversityÂ ofÂ Post and Telecommunication,Beijing,Beijing,China
746,School of Mathematics,BeiJing,,China
474,Kunming University of Science and Technology,Kunming,Yunnan,China
892,Sichuan Agricultural University,Ya'an,Sichuan,China
948,South University of Science and Technology of China,Shenzhen,Guangdong,China
349,Henan normal university,xinxiang,henan,China
1176,University of Science and Technology Beijing,Beijing,Beijing,China
1146,University of International and Economics,Beijing,,China
1109,Universitiy of International Business and Economics,Beijing,,China
966,Southeast University,Nanjing,Jiangsu Provience,China
1091,UIBE,BeiJing,,China
1147,University of International business and economics,Beijing,Beijing,China
1047,The University of International Business and Economics,Being,,China
1132,University of International Business and Econmics,Beijing,Beijing,China
402,IUPUI,Indianapolis,IN,USA
14,Anqing Normal University,Anqing,Anhui,China
595,Ningbo University,Ningbo,ZheJiang,China
1237,Wu Han University,WuHan,HuBei,China
1004,Statistic,Beijing,,China
1351,Zhengzhou University,Zhengzhou,Henan,China
1385,shenyangjianzhu university,shenyang,liaoning,China
1136,University of International Business and Economics,Beijng,,China
1145,University of International and Business Economics,"Beijing,China",,China
1122,University of Colorado Boulder,Boulder,CO,USA
50,"Beijing Normal University, Zhuhai",Zhuhai,,China
51,"Beijing Normal University, Zhuhai",Zhuhai City,Guangdong,China
1046,The University of International Business and Economics,Beijing,,China
736,"School of Engineering, Sun Yat-Sen University",Guangzhou,Guangdong,China
1142,University of International Business&Economics,Beijing,Beijing,China
110,Chengdu University of Information Technology,Chengdu City,Si Chuan Province,China
962,SouthWest Jiaotong University,Chengdu,Sichuan,China
507,"Math Institution ,Beihang University",Beijing,China,China
597,"No. 10, Huixin Dongjie, Chaoyang District, Beijing, P.R. China",Beijing,Beijing,China
1324,ZheJiang University,Hangzhou,,China
37,Beijing Forestry University,Beijing,,China
35,Beihua University,Jilin,Jilin,China
1206,University of international business and economics,Beijing,Beijing,China
523,Minzu University of China,Beijng,,China
755,School of mathematics and statistics,Beijing,Beijing,China
1137,University of International Business and Economics,beijing,beijing,China
648,PLA Imformation Engineering University,ZhengZhou,HeNan,China
1285,Xi'an University of architecture and technology,Xi'an,Shanxi,China
774,Shandong Normal University,Jinan,Shandong,China
640,Officer's college of CAPF,Chengdu,Sichuan,China
1069,Tianjin University of Science and Technology,TianJin,TianJin,China
414,Inner Mongolia University,Hohhot,Inner Monglia,China
671,Qingdao Technical Colleage,Qingdao,Shandong,China
691,Renmin University Of China,Beijing,Beijing,China
1101,Undergraduate course,Beijing,Beijing,China
765,ShanDong University,Jinan,Shandong,China
937,South China Normal University,guangzhou,Guangdong,China
355,Hohai University,Nanjing,Jiangsu,China
582,"National Engineering Research Center for Multimedia Software, Wuhan University",Wuhan,Hubei,China
1205,University of international business and economics,BEIJING,BeiJing,China
289,Guangdong University of Technology,Guangzhou,Guangdong,China
718,SOUTH WEST JIAOTONG UNIVERSITY,CHENG DU,SI CHUAN,China
240,Economics,Beijing,Bejing,China
832,Shanghai University of Finance and Ecomonics,Shanghai,,China
1392,tongji university,shanghai,shanghai,China
526,Minzu university of China,Beijing,Beijing,China
813,Shanghai JiaoTong University,Shanghai,,China
28,Beihang Univeristy,BeiJing,BeiJing,China
123,China University of Geosciences (Wuhan),Wuhan,Hubei,China
928,South China Normal University,Guang Zhou,Guang Dong,China
1110,University,Beijing,,China
894,Sichuan Agriculture University,Chengdu,Sichuan,China
1339,Zhejiang University,hangzhou,zhejiang,China
11,Anhui University Of Science & Technology,Huainan,Anhui,China
724,SYSU,Guangzhou,Guangzhou,China
1397,university of International Business and Economics,Beijing,Beijing,China
1042,The University Of International Business Economics,Beijing,Beijing,China
1390,the University of International Business and Economics,Beijing,Beijing,China
677,Qinghai University,Xining,Qinghai,China
1275,Xi'an University of Architecture and Technology,Xi' an,Shaanxi,China
829,Shanghai University of Finanace and Economics,Shanghai,Shanghai,China
79,Business School of the University of International Business and Economics,Beijing,Beijing,China
331,"Heilongjiang University, China",Harbin,Heilongjiang,China
1060,Tianjin Foreign Studies University,Tianjin,Tianjin,China
945,South China University of Technology,Guangzhou,Guangdong,China
227,East China Normal University,Shang Hai,Shang Hai,China
722,SUN YAT-SEN UNIVERSITY,Guangzhou,,China
310,Harbin Institute of Technology,Weihai,Shandong,China
89,Central China Normal University,Wuhan,HUBEI,China
1085,Tsinghua University,Beijing,China,China
328,Heilongjiang Institute of Technology,"Harbin,Heilongjiang Province,China",Heilongjiang,China
857,Shenyang Aerospace University,Shenyang,Liaoning,China
778,Shandong University,Jinan,Shandong,China
115,China Pharmaceutical University,Nanjing City,Jiangsu,China
986,Southwestern University Of Finance And Economics,Chengdu,Sichuan,China
1266,XIDIAN UNIVERSITY,Xi'an,Shaanxi,China
974,Southwest Jiaotong University,Chengdu,Sichuan,China
815,Shanghai Jiaotong University,shanghai,shanghai,China
1179,University of Science and Technology of China,HEFEI,ANHUI,China
934,South China Normal University,"Guangzhou, Guangdong, China",,China
1111,University Of International Business and Economics,Beijing,Beijing,China
690,Renmin University,Beijing,Beijing,China
869,Shenyang University,ShenYang,LiaoNing,China
566,Nankai University,"Nankai, Tianjin",Tianjin,China
1058,TianJin university,TianJin,TianJin,China
1112,University Of Science and Technology Beijing,Beijing,Beijing,China
742,"School of Mathematical Sciences, Beijing Normal University",Beijing,Beijing,China
925,South China Normal Univercity,Guangzhou,China,China
864,Shenyang Jianzhu university,Shenyang,Liaoning,China
207,Dalian University of Technology,Dalian,,China
93,Central University of Finance and Ecomomics,Beijng,,China
562,Nanjing University of Posts and Telecommunications,Nanjing,JiangSu,China
372,Huangzhong University of Science and Technology,Wuhan,Hubei,China
923,South China Institute of Software Engineering. GU,Guangzhou,Guangdong,China
126,China University of Geosciences(Wuhan),Wuhan,Hubei,China
1378,shandong university of science and technology,Qingdao,P.R.China,China
635,Ocean University of China,Shandong,Qingdao,China
176,College of Petroleum Engineering,Qingdao,Shandong,China
334,Henan Normal University,Xin'xiang,Henan Province,China
1037,The Huazhong University of Science and Technology,Wuhan,Hubei Province,China
121,China University of Geosciences,Wuhan,Hubei,China
636,Ocean University of China,Tsingtao,Shandong,China
830,Shanghai University of Finance & Economics,Shanghai,Shanghai,China
1372,professor,Beijing,,China
133,China University of Petroleum,Qingdao,Shandong,China
633,Ocean University of China,Qingdao,Shandon,China
102,Changsha University,Changsha,Hunan,China
464,Jinjiang College of Sichuan University,meishan,Sichuan,China
1157,University of Michigan-Shanghai Jiao Tong University Joint Institute,Shanghai,,China
896,Sichuan Normal University,Chengdu,Sichuan,China
1255,Wuhan University of Science and Technology,Wuhan,Hubei,China
1338,Zhejiang University,Ningbo,Zhejiang,China
456,Jilin University,Changchun,Jilin Province,China
458,Jilin University of Finance and Economics,Changchun,Jinlin,China
136,China University of Petroleum (East China),Qingdao,Shandong,China
1383,shenyang pharmaceutical university,Shenyang,liaoning,China
905,Sichuan University Jinjiang College,meishan,Sichuan,China
386,Huazhong University of Science&Technology,Wuhan,Hubei,China
1086,Tsinghua University,Haidian,Beijing,China
942,South China University of China,Guangzhou,,China
1332,Zhejiang University,HANGZHOU,ZHEJIANG,China
380,Huazhong University Of Science & Technlology,Wuhan,Hubei,China
935,South China Normal University,Qingdao,Shandong,China
766,ShanDong University of Science and Technology,Qingdao,Shandong,China
1084,Tsinghua Univeristy,Beijing,Beijing,China
1380,shanghai Normal University,shanghai,China,China
1329,Zhejiang Normal University,Jinhua,Zhejiang,China
1002,Stanford University,Stanford,CA,USA
1153,University of Macau,macau,macau,China
1318,Yunnan University,Kunming,,China
1071,Tianjin University of Technology and Education,Tianjin,Tianjin,China
322,Hebei University of Technology,Tianjin,,China
318,Hebei Normal University,Shijiazhuang,Hebei,China
929,South China Normal University,GuangZhou,Guangdong,China
638,Ocean university of China,Qingdao,Sandong,China
134,China University of Petroleum,Qingdao city,Shandong,China
603,North China Electric Power University Baoding,Baoding,Hebei,China
384,Huazhong University of Science and Technology,Wuhan,Hubei,China
83,Capital Medical University,Beijing,Beijing,China
500,Luoyang Institute of Science and Technology,Luoyang,Henan,China
567,Nankai University,TIANJIN,,China
844,Shanghai university of finace and economic,Shanghai,Shanghai,China
409,Informantion Engineering,Dalian,Liaoning,China
404,Iinformantion Engineering,Dalian,Liaoning,China
101,Changchun architecture &civil engineering college,Changchun,Jilin,China
769,Shandong Agricultural University,Tai'an City,Shandong,China
1013,Sun Yat-sen University,Zhuhai,Guangdong,China
865,Shenyang Ligong University,Shenyang,Liaoning,China
411,Information Engineering,Dalian,Liaoning,China
162,Civil Aviation University of China,TianJin,TianJin,China
312,Harbin University of Commerce,Harbin,Heilongjiang,China
661,Peking university,Beijing,Beijing,China
147,Chongqing Normal University,Chongqing,Chongqing,China
119,China University of Geoscience (Wuhan),Wuhan,Hubei,China
481,Lanzhou University of Technology,Lanzhou,Gansu,China
478,Lan Zhou University of Technology,Lan Zhou,Gansu,China
479,LanZhou University of Technology,LanZhou,GanSu,China
997,Southwestern University of Finance and Economy,Chengdu,SiChuan,China
298,HaiNan University,Haikou,Hainan,China
117,China Three Gorges University,Yichang,Hubei,China
233,East China University of Political Science and Law,Shanghai,Shanghai,China
858,Shenyang Agricultural University,SHENYANG,LIAONING,China
525,Minzu University of China,beijing,beijing,China
1193,University of South China,Hengyang,Hunan,China
660,Peking University,Peking,Peking,China
775,Shandong Univercity,Jinan,Shandong Province,China
723,SUNY New Paltz University,New Paltz,NY,USA
1117,"University of California, Los Angeles",Los Angeles,CA,USA
150,Chongqing University,Shapingba district,Chongqing,China
206,Dalian University,Dalian city,liaoning,China
845,Shanghai university of finance and economics,Shanghai,Shanghai,China
711,SHANGHAI UNIVERSITY OF FINANCE AND ECONAMICS,SHANGHAI,SHANGHAI,China
814,Shanghai Jiaotong University,Shanghai,Shanghai,China
1187,University of Science and Technology of China (USTC),Hefei,Anhui,China
1055,TianJin University,TianJin China,TianJin,China
587,Naval Aeronautical and Astronautical University,Yantai,Shandong,China
1061,Tianjin Polytechnic University,Tianjin,Tianjin,China
245,FUDAN UNIVERSITY,SHANGHAI,SHANGHAI,China
1186,University of Science and Technology of China,hefei,anhui,China
179,"College of Science, North China University of Technology",Beijing,Beijing,China
132,China University of Petroleum,Beijing,Beijing,China
492,Liaoning University,Shenyang,Liaoning,China
1068,Tianjin University of Finance and Economics,Tianjin,Tianjin,China
265,Gansu Agricultural University,Lanzhou,Gansu,China
978,Southwest Jiaotong University Hope College Â ,Chengdu,Sichuan,China
52,Beijing Technology and Business University,Beijing,,China
53,Beijing Technology and Business University,Beijng,,China
539,NORTH CHINA ELECTRIC POWER UNIVERSITY,BEIJING,BEIJING,China
1064,Tianjin University,Tianjin,Tianjin,China
91,Central University of Finance and Ecomomics,BEIJING,BEIJING,China
794,Shandong University(Weihai),Weihai,Shandong,China
36,Beijing Forestry University,BEIJING,,China
1052,"The school of management, University of Science and Technology of China",Hefei,Anhui,China
1050,The University of Texas at Dallas,Richardson,TX,USA
1154,University of Manchester,Manchester,,United Kingdom
516,Milligan College,Milligan College,TN,USA
1127,University of Electronic Science and Technology of China,Chengdu,Sichuan,China
801,Shanghai Experimental School,Shanghai,Shanghai,China
161,City University of Hong Kong,Kowloon,,Hong Kong
103,Changsha University of Science & Technology,Changsha,Hunan,China
1370,nanjing university of finance&economics,nanjing,jiangsu,China
40,Beijing Institute of Technology,BeiJing,BeiJing,China
68,Berlin School of Economics and Law,Berlin,Berlin,Germany
1183,University of Science and Technology of China,"Hefei, Anhui",,China
645,Ordos Collegeï¼ŒInner Mongolia University,Erdos,Inner Mongolia Autonomous Region,China
860,Shenyang Institute of Engineering,Shenyang,Liaoning,China
169,College of Applied Science.Jiang Xi University of Science and Technology,Ganzhou,Jiang Xi,China
695,Renmin University of China,beijing,,China
976,Southwest Jiaotong University,"E'meishan,Leshan",Sichuan,China
157,Chung Yuan Christian University,Chung Li,,Taiwan
139,China University of Political Science and Law,Beijing,Beijing,China
170,"College of Biochemical Engineering,Beijing Union University",Beijing,Beijing,China
1330,Zhejiang Sci-Tech University,Hangzhou,Zhejiang Province,China
767,ShanDong University of Science and Technology4 years,Qingdao,Shandong,China
1231,Western Washington University,Bellingham,WA,USA
142,China University of Political science and Law,Beijing,,China
200,Dalian Nationalities University,Dalian,China,China
195,DaLian JiaoTong University,Dalian,Liaoning,China
1144,University of International Relations,Beijing,Beijing,China
141,China University of Political science and Law,BEJING,,China
140,China University of Political science and Law,BEIJING,,China
664,People's Public Security University of China,Beijing,Beijing,China
111,Chengdu University of Technology,Chengdu,Sichuan,China
343,Henan University of Science and Technology,Luoyang,Henan,China
1281,Xi'an University of Finance and Economics,XI'AN,Shaanxi,China
745,School of Mathematical and Physical Science,Beijing,,China
810,Shanghai Jiao Tong University,Shang hai,Shang hai,China
97,Century College of Beijing University of Posts and Telecommunications,Beijing,Beijing,China
336,Henan Normal University,Xinxiang,,China
970,Southwest JiaoTong University,Chengdu,Sichuan,China
1191,University of Shanghai for Science and Technology,SHANGHAI,SHANGHAI,China
537,NC School of Science and Mathematics,Durham,NC,USA
1236,Woodside Priory School,Portola Valley,CA,USA
85,Capital University of Economics and Business,BEI JING,BEI JING,China
78,Business College of Shanxi University,Taiyuan,Shanxi,China
521,Minzu University of China,BeiJing,BeiJing,China
1000,Southwestern university of Finance and Economics,Chengdu,China,China
339,Henan Polytechnic University,Jiaozuo City,Henan Province,China
996,Southwestern University of Finance and Economincs,Chengdu,Sichuan,China
859,Shenyang Agriculture University,Shenyang,Liaoning,China
764,Shaanxi University of Technology,Hanzhong,Shaanxi,China
148,Chongqing Technology and Business University,Chongqing,,China
1295,Xijing University,Xi'an,Shaanxi,China
1152,University of Macau,Macau,Macau SAR,China
647,P.R.China Beijing Normal University,Beijing,Beijing,China
565,Nanjing university,Nanjing,Jiangsu,China
903,Sichuan University,Sichuan,,China
941,South China University Of Technology,Guangzhou,,China
509,Mathematics,Shanghai,Shanghai,China
26,Beihai College of Beihang University,Beihai,Guangxi,China
1090,UCSB,Santa Barbara,CA,USA
498,Loyola University Maryland,Baltimore,MD,USA
1220,Wake Forest University,Winston Salem,NC,USA
1226,Wesleyan College,Macon,GA,USA
729,"School of Architecture and Civil Engineering,Nantong University",Nan Tong,JiangSu,China
62,Beijing University of Techonolgy,Beijing,Beijing,China
381,Huazhong University of Science & Technology,Wuhan,Hubei,China
1076,Tianjin university of commerce,Tianjin,Tianjin,China
186,College of science,Shanghai,Shanghai,China
816,"Shanghai Jiaotong University, China",Shanghai,Shanghai,China
987,Southwestern University of Finance And Economics,ChengDu,SiChuan,China
592,New York University,New York,NY,USA
138,"China University of Petroleum, Beijing",Beijing,,China
351,Hexi Univercity,Zhangye,Gansu,China
988,Southwestern University of Finance and Economic,Chengdu,Sichuan,China
621,Northwest University,Xiâ€™an,Shaanxi Province,China
836,Shanghai University of Finance and Economics,shanghai,shanghai,China
620,Northwest University,Xi'an,Shaanxi Province,China
955,South-Central University for Nationalities,Haidian District,Beijing,China
457,Jilin University,Changchun City,Jilin Province,China
618,Northwest A&F University,Yangling,Shannxi Province,China
999,Southwestern University of Financial and Economics,Chengdu,SiChuan,China
824,Shanghai University,Shanghai,,China
784,Shandong University of Finance and Economics,Jinan,China,China
876,Shenzhen Polytechnic,Shenzhen,,China
668,Qilu University Of Technology,Jinan,Shandong,China
90,Central South University,Changsha,Hunan,China
116,China Three Gorges University,Yi Chang,HuBei,China
1336,Zhejiang University,Hangzhou City,Zhejiang Province,China
773,Shandong Jiaotong University,Ji Nan,Shan Dong,China
672,Qingdao University,Qingdao,Shandong,China
383,Huazhong University of Science and Technology,WUHAN,HUBEI,China
914,Software Engineering,ShangHai,,China
951,South Western University of Finance and Economics,"Chengdu City,Sichuan Province",,China
762,Shaanxi University of Science & Technology,Xi'an,,China
12,Anhui University of Finance and Economics,Bengbu,Anhui,China
45,Beijing Language and Culture University,Beijing,Beijing,China
763,Shaanxi University of Technology,HanZhong,Shaanxi,China
356,Hohai University Changzhou Campus,Changzhou,Jiangsu,China
160,City University of Hong Kong,Hong Kong,,China
982,Southwest University of Science and Technology,Mianyang,Sichuan,China
891,Sichuan Agricultural University,Ya an,Sichuan,China
893,Sichuan Agricultural University,Yaan,Sichuan,China
357,Hohai University Wentian College,Maanshan,Anhui,China
841,Shanghai Univisity,Shanghai,Shanghai,China
776,Shandong University,JINAN,Shandong,China
354,Hohai University,Changzhou,JiangSu,China
842,Shanghai univercity,Shanghai,Shanghai,China
806,Shanghai Jiading No.1 High School,Shanghai,Shanghai,China
211,Department of Mathematics,Shanghai,,China
679,QuFu Normal University,Qufu,Shandong,China
822,Shanghai Univercity,Shanghai,Shanghai,China
1019,TIANJIN UNIVERSITY,Tianjin,,China
818,Shanghai Lixin University of Commerce,Shanghai,,China
235,East China University of Science and Technology,ShangHai,ShangHai,China
1242,Wuhan Polytechnic University,Wuhan,Hubei,China
47,Beijing Normal University,BEIJING,,China
43,Beijing Jiaotong University,Beijing,,China
459,Jilin University.,Changchun,Jilin,China
569,Nankai University,TianJin,,China
904,Sichuan University,Wuxi,,China
1379,shanghai,shanghai,shanghai,China
387,Huazhong University of science and technology,Wuhan,Hubei,China
1270,Xi'an Jiaotong University,Xi'an,Shaanxi,China
1097,USMA,West Point,NY,USA
580,Nantong University,Nantong,Jiangsu,China
296,HARBIN ENGINEERING UNIVERSITY,HARBIN,HEILONGJIANG,China
145,Chong Qing University,Shapingba,ChongQing,China
590,Neijiang Normal University,Neijiang,Sichuan,China
131,China University of Petrolem(Beijing),Beijing,Beijing,China
490,Liaoning Technical University,Huludao,Liaoning,China
217,Dongbei university of Finance and Economics,Dalian,Liaoning,China
1271,Xi'an Jiaotong-Liverpool University,Suzhou,Jiangsu,China
1291,Xiangtan University,Xiangtan,Hunan,China
451,Jiangxi Agricultural University,Nanchang,Jiangxi,China
99,Changchun University Of Science and Technology,Changchun,Jinlin,China
1314,YunNan University,Kunming,yunnan,China
554,Nanjing Tech University,Nanjing,Jiangsu,China
364,HuNan University,Changsha,HuNan,China
825,Shanghai University,shanghai,shanghai,China
205,Dalian Polytechnic University,Dalian,Liaoning,China
247,Foshan University,Foshan,Guangdong,China
1401,zhongnan University of Economics and Law,WuHan,Hubei,China
108,Chengdu Technological University,chengdu,Sichuan,China
839,Shanghai University of International Business and Economics,Shanghai,Shanghai,China
1212,Virginia Western,Roanoke,VA,USA
1364,east china university of political science and law,shanghai,shanghai,China
8,Anhui Jianzhu University,Hefei,Anhui,China
656,Peking Univ.,Beijing,Beijing,China
295,HAINAN UNIVERSITY,HAIKOU,HAINAN,China
1015,"Sun Yat-sen University, Guangzhou",Guang Zhou,Asia,China
69,Bethel University,Arden Hills,MN,USA
493,Linfield College,McMinnville,OR,USA
113,China Jiangsu University,Zhenjiang,Jiangsu,China
802,Shanghai Finance University,Shanghai,,China
544,NanTong University,NanTong,,China
1257,Wuhan University of technology,Wuhan,Hubei,China
224,EAST CHINA NORMAL UNIVERSITY,Shanghai,China,China
1376,shaanxi university of technology,han zhong,shaanxi,China
684,RENMIN UNIVERSITY OF CHINA,BEIJING,BEIJING,China
341,Henan University of Economics and Law,Zhengzhou,Henan,China
768,ShanDong University of Technology,ZiBo,ShanDong,China
874,Shenzhen Institute of Information Technology,Shenzhen,GuangDong,China
716,SKH Bishop Mok Sau Tseng Secondary School,Hongkong,Hongkong,China
902,Sichuan University,"Chengdu, Sichuan",,China
198,Dalian Jiaotong university,DaLian,Liaoning,China
973,Southwest Jiaotong University,ChengDu,SiChuan,China
710,SHANGHAI UNIVERSITY,Shanghai,Shanghai,China
553,Nanjing Tech Uinversity,Nanjing,Jiangsu,China
151,Chongqing University of Posts and Telecommunications,Chongqing,,China
55,Beijing University Of Technology,Beijing,Beijing,China
804,Shanghai Institute of Technology,Shanghai,Shanghai,China
22,BeiJing University Of Post And Telecommunication,BeiJing,BeiJing,China
990,Southwestern University of Finance and Economics,CHENGDU CITI,SICHUAN PROVINCE,China
1073,"Tianjin University, People's Republic of China",Tianjin,,China
805,Shanghai Institute of Technology,shang hai,,China
39,Beijing Institute of Technology,BEIJING,BEIJING,China
203,Dalian Ocean University,Dalian,Liaoning,China
900,Sichuan University,Chendu,Sichuan,China
572,Nankai University,Tianjin City,Tianjin,China
10,Anhui University,Hefei,Anhui,China
657,Peking University,BEIJING,BEIJING,China
1222,Washington and Lee University,Lexington,VA,USA
650,Pacific Lutheran University,Tacoma,WA,USA
194,Cupertino High School,Cupertino,CA,USA
146,Chongqing Jiaotong University,Chongqing,Nanping,China
856,Shaoguan University,Shaoguan,Guangdong,China
1033,The Engineering & Technical college of Chengdu University of Technology,LESHAN,,China
855,"Shanxi University, People's Republic of China",Taiyuan,Shanxi Province,China
1023,"Taizhou Institute of Sci.&Tech.,NUST",Taizhou,,China
399,"Hunan University of Humanities,Science and Technology",Loudi,Hunan,China
552,Nanjing Normal University Taizhou College,Taizhou,,China
557,Nanjing University of Aeronautics and Astronautics,Nanjing,Jiangsu,China
292,Guangzhou University,Guangzhou,Guangdong Province,China
1070,Tianjin University of Science and Technology,Tianjin,Tianjin,China
1374,"school of architecture civil engineering, Nantong University",Nantong,JiangSu,China
574,Nankai University,tianjin,tianjin,China
64,Beijing normal university,Beijing,Beijing,China
27,Beihang Univeristy,BEIJING,BEIJING,China
674,Qingdao Univrsity,Qingdao,Shandong,China
792,Shandong University of Technology,Zibo,Shandong,China
659,Peking University,"Beijing,China",,China
831,Shanghai University of Finance & Economics (P R CHINA),Shanghai,,China
1067,Tianjin University of Finance and Economics,TianJin,,China
1310,Yantai University,Yantai,,China
528,Montana Tech,Butte,MT,USA
1387,southwest university of science and technology,Mianyang,Sichuan,China
693,Renmin University of China,Beiijing,Beijing,China
107,Chengdu Shishi Cambridge A-level Center,Chengdu,,China
508,Math School,Xiamen,Fujian,China
823,Shanghai University,Baoshan,Shanghai,China
400,Huzhou University,Huzhou,Zhejiang,China
713,SICHUAN UNIVERSITY,Sichuan,,China
503,Madonna University,Livonia,MI,USA
1049,"The University of Tennessee, Knoxville",Knoxville,TN,USA
489,Liaoning Shihua University,Fushun,,China
563,Nanjing University of Posts&Telecommunications,Nanjing,Jiangsu,China
561,Nanjing University of Posts & Telecommunications,Nanjing,Jiangshu,China
94,Central University of Finance and Ecomomics,Bejing,Bejing,China
393,Huizhou University,Huizhou,Guangdong,China
239,Eastern Oregon University,La Grande,OR,USA
759,Second Military Medical University,Shanghai,Yangpu,China
1001,SouthwesternÂ UniversityÂ of Finance and Economics,Chengdu,Sichuan,China
418,Inner Mongolia University of Technology,Hohhot,,China
575,"Nankai University,China",Tianjin,Tianjin,China
916,"Software Engineering Institute, East China Normal University",Shanghai,Shanghai,China
1057,TianJin University Of Finance And Economics,Tianjin,China,China
584,National University of Singapore,Singapore,,Singapore
223,EAST CHINA NORMAL UNIVERSITY,SHANGHAI,SHANGHAI,China
541,NanChang Aeronautical University,NanChang,JiangXi,China
342,Henan University of Science & Technology,Luoyang,Henan,China
571,Nankai University,Tianjin China,,China
733,School of Digital Media and Design Art,Beijing,,China
337,Henan Normal University,xinxiang,Henan,China
1172,University of Science & Technology Beijing,Beijing,Beijing,China
348,Henan normal university,Xinxiang,Henan,China
605,North China Electric poewr university,Bejing,Beijing,China
1016,Suzhou University of Science and Technology,Jiangsu,Suzhou,China
960,South-west Jiaotong University,Chengdu,Sichuan,China
1323,ZheJiang University,HangZhou,ZheJiang,China
949,South West Jiaotong University,Chengdu,Sichuan,China
1216,WENZHOU UNIVERSITY,WENZHOU,ZHEJIANG,China
634,Ocean University of China,Qingdao City,Shandong Province,China
455,Jilin University,Chang Chun,Ji Lin Province,China
1238,WuHan University,WUHAN,HUBEI,China
218,Dongguan University of Technology,Dongguan,Guangdong,China
1173,University of Science & Technology Beijing,beijing,,China
1359,Zhongnan University of Economics and Law,WUHAN,HUBEI,China
613,Northeaster University (China),Shenyang,,China
326,Hefei University of Technology,Hefei,Anhui,China
715,SJTU-ParisTech Elite Institute of Technology,Shanghai,Shanghai,China
143,China Welfare Institute,Shanghai,Shanghai,China
178,College of Science and Technology of China Three Gorges University,YiChang,HuBei,China
993,Southwestern University of Finance and Economics,City: Chengdu,Sichuan,China
1188,"University of Science and Technology,Beijing(USTB)",Beijing,Beijing,China
980,Southwest University,Beibei,Chongqing,China
975,Southwest Jiaotong University,Chengdu city,Sichuan,China
299,Hainan University,Danzhou,Hainan,China
927,South China Normal University,GUANGZHOU,GUANGDONG,China
1260,Wuhan Universty,Wuhan,Hubei,China
1072,"Tianjin University, China",Tianjin,Tianjin,China
877,Shenzhen University,Shenzhen,Guangdong Province,China
347,Henan normal university,Henan,XinXiang,China
1096,UNIVERSITY OF SHANGHAI FOR SCIENCE AND TECHNOLOGY,SHANGHAI,,China
631,Ocean University of China,Qindao,Shandong,China
781,Shandong University Of Science And Technology,Qingdao,Shandong,China
449,Jiangsu Jianzhu Institute,Xuzhou,Jiangsu,China
961,SouthEast University,Nanjing,Jiangsu,China
480,Lanzhou University,Lanzhou,,China
808,Shanghai Jiao Tong University,SHANGHAI,CHINA,China
338,Henan Polytechnic University,Jiaozuo,Henan,China
496,LongDong University,Qingyang,Gausu,China
777,Shandong University,Ji'nan,Shandong,China
848,Shanxi Medical University,Taiyuan,Shanxi,China
833,Shanghai University of Finance and Economics,SHANG HAI,,China
915,Software Engineering Institute,Shanghai,China,China
374,Huaqiao University,Quan Zhou,Feng Ze,China
800,Shangdong university,Jinan,Shandong Province,China
293,Guilin University of Electronic Technology,Guilin,Guangxi,China
410,Information,Beijing,,China
538,NKU School of Mathematical Science,Tianjin,Tianjin,China
611,Northeast Petroleum University,Daqing,Heilongjiang,China
989,Southwestern University of Finance and Economics,CHENGDU,,China
25,BeiJing University Of Post And Telecommunication,beijing,beijing,China
320,Hebei University,Baoding,Hebei,China
1282,Xi'an University of Finance and Economics,Xi'an,Shaanxi,China
1396,university,beijing,,China
1129,University of Illinois,Urbana,IL,USA
425,Institute of Information Technology of Guilin University of Electronic Technology,Guilin,Guangxi,China
1020,"Taishan University,China",Taian,Shandong,China
491,Liaoning Technical Universty,Fuxin,,China
601,North China Electric Power University,Beijing,BEIJING,China
330,Heilongjiang University of science and technology,Harbin,Heilongjiang,China
837,Shanghai University of Finance and Economy,Shanghai,Shanghai,China
210,"Department of Economics, Minzu University of China",Beijing,Beijing,China
1143,"University of International Bussiness and Economy,Beijing,China",Beijing,,China
171,College of Computer and Control Engineering,Tian Jin,,China
1272,Xi'an Shiyou University,Xi'an,Shannxi,China
612,Northeast Yucai Foreign Language School,shenyang,Liaoning,China
1102,Undergraduate course,Jinan,Shandong Province,China
944,South China University of Technology,GuangZhou,,China
202,Dalian Neusoft University of information,Dalian,Liaoning,China
201,Dalian Neusoft University of Information,Dalian,Liaoning,China
943,South China University of Technology,Guang Zhou,,China
542,NanKai University,TianJin,TianJin,China
1056,TianJin University,Tianjin,Tianjin,China
24,BeiJing University Of Post And Telecommunication,Haidian,Beijing,China
395,Hunan Normal University,Changsha,Hunan,China
984,Southwest jiaotong university,Chengdu,Sichuan,China
890,Sichuan Agricultural University,Du Jiangyan,Sichuan,China
485,Leshan Normal University,Leshan,Sichuan,China
735,School of Electronic and Engineering,Beijing,Beijing,China
543,NanKai university,Tianjin,Tianjin,China
782,Shandong University Of Technology,Zibo,Shandong,China
834,Shanghai University of Finance and Economics,SHANGHAI,,China
137,China University of Petroleum(East China),Qingdao,ShanDong province,China
692,Renmin University of China,BEIJING,,China
253,Fudan University,SHANGHAI,SHANGHAI,China
585,National University of defense technology,Changsha,Hunan,China
793,Shandong University of Technology,zibo,Shandong,China
1217,WUHAN TEXTILE UNIVERSITY,WUHAN,HUBEI,China
450,Jiangsu Normal University,Xuzhou,Jiangsu,China
373,Huaqiao University,Fujian,Xiamen,China
1377,shaanxi university of technology,hanzhong,shaanxi,China
995,Southwestern University of Finance and Economics University,Chengdu,Sichuan,China
294,Guizhou University,Guiyang,Guizhou,China
291,Guangxi University,Nanning,Guangxi,China
344,Henan University of Technology,Zhengzhou,Henan,China
391,Hubei University of Economics,Wuhan,Hubei,China
389,Hubei University Of Economics,WUHAN,HUBEI,China
390,Hubei University of Economics,WUHAN,HUBEI,China
362,HuBei University of Economics,WuHan,HuBei,China
360,Hu Bei Univeristy of Economics,WuHan,HuBei,China
361,Hu Bei University of Economics,WuHan,Hubei,China
1248,Wuhan University,WuHan,Hubei,China
1344,"Zhejiang University, China",Hangzhou,Zhejiang,China
340,Henan University,Kaifeng,Henan,China
639,Officer College of Chinese People's Armed Police Force,Chengdu,Sichuan,China
847,Shanxi Agricultural University,Jinzhong,Shanxi,China
363,HuBei University of Economics,Wuhan,Hubei,China
125,China University of Geosciences(Beijing),Beijing,Beijing,China
581,Nanyang Normal University,Nanyang,Henan,China
447,JiangXi University of Science and Technology,Ganzhou,Jiangxi,China
714,SICHUAN university,Chengdu,Sichuan,China
604,North China Electric Power University Science & Technology College,Baoding,Hebei,China
1261,Wuhan university,Wuhan,Hubei,China
683,Qufu normal university,Qufu,Shandong,China
689,RenMin University of China,Beijing,Beijing,China
667,Qiannan Normal College for Nationalities,Duyun,Guizhou,China
971,Southwest Jiaotong University,CHENG DU,SI CHUAN,China
1252,Wuhan University,Wuhan City,Hubei Province,China
1022,Taiyuan University of Technology,Taiyuan,Shanxi,China
144,China university of Geosciences,Beijing,Beijing,China
84,Capital Normal University,Beijing,Beijing,China
1219,WUHAN UNIVERSITY,Wuhan,Hubei Province,China
9,Anhui Normal University,Wuhu,,China
939,South China Normal Uniyersity,Guangzhou,Guangdong,China
1366,mathematics,TianJin,TianJin,China
1029,The Capital University of Economics and Business,Beijing,Beijing,China
583,National University of Defense Technology,Changsha,Hunan,China
926,South China Normal University,Canton,,China
1034,The Engineering &technical College of Chengdu University of Technology,Leshan,Sichuan Province,China
350,Hendrix College,Conway,AR,USA
1213,Virginia Western Community College,Roanoke,VA,USA
74,Bloomsburg University,Bloomsburg,PA,USA
1028,Temple University,Philadelphia,PA,USA
512,Meredith College,Raleigh,NC,USA
95,Central Washington University,Ellensburg,WA,USA
1194,University of St. Thomas,Saint Paul,MN,USA
499,Ludong University,Yantai,Shandong,China
730,"School of Architecture and Civil Engineering,Nantong University",NanTong,JiangSu,China
228,East China Normal University,"Shang Hai, China",,China
248,Franklin & Marshall College,Lancaster,PA,USA
1294,Xihua University,Chengdu,SiChuan,China
1040,The Southwestern University of Finance and Economics,Chengdu,Sichuan,China
335,Henan Normal University,XinXiang,china,China
388,Hubei University,Wuhan,Hubei,China
420,Institut Teknologi Bandung,Bandung,Jabar,Indonesia
71,Binjiang College of Nanjing University of Information Science & Tecnology,Nanjing,Jiangsu,China
854,Shanxi University of Finance and Economics,Taiyuan,Shanxi,China
786,Shandong University of Science & Technology,Taian,Shandong,China
930,South China Normal University,Guangdong Province,,China
1352,Zhengzhou University Of Light Industry,Zhengzhou,Henan,China
1354,Zhengzhou University of Light Institution,Zhengzhou,Henan,China
1353,Zhengzhou University of Light Industry,Zhengzhou City,Henan province,China
946,South China University of Technology,Tianhe Distric,Guangzhou,China
950,South Western University of Finance and Economics,Chengdu,Sichuan,China
109,Chengdu University of Information Technology,Chengdu,Sichuan,China
1254,Wuhan University Of Technology,Wuhan,Hubei,China
1246,Wuhan Univercity,Wuhan,Hubei,China
1065,Tianjin University,"Tianjin,China",Tianjin,China
98,Chang'an University,Xi'an,Shaanxi,China
614,Northeastern University,Shenyang,Liaoning,China
1131,University of International Business and Ecomomics,Beijing,Beijing,China
183,"College of Sciences, Northeastern University",Shenyang,Liaoning,China
204,Dalian Polytechnic University,DaLian,Liaoning Province,China
564,Nanjing University of Science and Technology,Nanjing,Jiangsu,China
1306,Yancheng Teachers University,Yancheng,Jiangsu,China
118,China Univercity of Geosciencesï¼ŒBeijing,Beijing,Beijing,China
416,Inner Mongolia University For The Nationlities,Tongliao,Inner Mongolia Autonomous Region,China
278,Guangdong Polytechnic Normal University,guangzhou,Guangdong,China
1030,The Chinese University of Hong Kong,Hong Kong,Hong Kong,China
826,Shanghai University Of Engineering Science,ShangHai,SongJiang,China
172,"College of Electronic Information and Optical Engineering, Nankai University",Tianjin,,China
266,Georgetown College,Georgetown,KY,USA
1104,Union College,Schenectady,NY,USA
615,Northeastern University at Qinhuangdao,Qinhuangdao,Hebei,China
1178,University of Science and Technology of Beijing,Beijing,,China
33,Beihang Univeristy,Haidian,Beijing,China
931,South China Normal University,Guanghzhou,Asia,China
454,Jiansu Jianzhu University,Xuzhou,Jiangsu,China
446,JiangXi Normal University,NanChang,JiangXi,China
1277,Xi'an University of Architecture and Technology,Xiâ€˜an,Shaanxi,China
290,Guangxi Teachers Education University,Nanning,Guangxi,China
31,Beihang Univeristy,Beijjing,Beijing,China
1006,Sun Yat-Sen University,Guangzhou City,Guangzhou Province,China
1342,Zhejiang University of Science and Technology,Hangzhou,,China
881,Shihezi University,Xinjiang,Shi Hezi,China
38,Beijing Information Science & Technology University,Beijing,Haidian,China
1239,WuHan University,Wuhan,Hubei,China
1340,Zhejiang University City College,Hangzhou,Zhejiang,China
1327,Zhejiang Gongshang University,Hangzhou,Zhejiang,China
924,South China Normal Univercity,Guangdong,Asia,China
1346,Zhejiang university,HangZhou,ZheJiang province,China
398,Hunan University of Commerce,Changsha,Hunan,China
345,Henan University of Urban Construction,Pingdingshan,Henan,China
1054,TianJin University,TianJin,TianJin,China
1371,nankai university,tianjin,,China
954,South-Central University For Nationalities,Wuhan,Hubei,China
719,SOUTHWEST JIAOTONG UNIVERSITY,Chengdu,SiChuan,China
1218,WUHAN UNIVERSITY,WUHAN,HuBei Province,China
602,North China Electric Power University,Changping,Beijing,China
1308,Yangzhou University,Yangzhou,,China
453,Jiangxi University of Traditional Chinese Medicine,Nanchang,,China
1,"121 Zhangjialukou, Huaxiang Fengtai District, Beijing,China",Beijing,Beijing,China
1035,The Hong Kong Polytechnic University,Hong Kong,,Hong Kong
1174,University of Science & Technology of China,Hefei,Anhui,China
1284,Xi'an University of Technology,Xi'an,Shaanxi,China
444,James Madison University,Harrisonburg,VA,USA
1182,University of Science and Technology of China,"Hefei City,",,China
1274,Xi'an University of Architechture&Technology,Xi'an,Shaanxi,China
732,School of Computer Science and Techonology,Jinan,Shandong Province,China
431,Institution of Information Science and Technology,Beijing,China,China
1209,UniversitÃ© de Technologie de CompiÃ¨gne,COMPIEGNE,,France
1124,University of Dayton,Dayton,OH,USA
308,Harbin Institute of Technology,HARBIN,HEILONGJIANG,China
270,Goshen College,Goshen,IN,USA
568,Nankai University,Tian Jin,,China
591,New York Institute of Technology,New York,NY,USA
1163,University of New Mexico,Albuquerque,NM,USA
1230,Western Connecticut State University,Danbury,CT,USA
1088,U.S. Air Force Academy,USAF Academy,CO,USA
477,Lamar University,Beaumont,TX,USA
244,Erasmus University Rotterdam,Rotterdam,,Netherlands
619,Northwest Missouri State University,Maryville,MO,USA
1039,The Second Artillery Engineering University,Xi'an,Shaanxi,China
517,MinZu University of China,Beijing,,China
821,"Shanghai U. of Finance and Economics, School of Economics",Shanghai,Shanghai,China
114,China Jiliang University,Hangzhou,Zhejiang,China
368,Huaihai Institute of Technology,Lianyungang,Jiangsu,China
546,Nanchang University,Nanchang,Jiangxi,China
1337,Zhejiang University,"Hangzhou, Zhejiang Province",,China
1269,Xi'an Eurasia University,Xi'an,Shaanxi,China
1185,University of Science and Technology of China,Heifei,Anhui,China
112,China Agricultural University,Beijing,,China
1208,University of shanghai for Science&Technology,Shanghai,,China
1018,TIANJIN POLYTECHNIC UNIVERSITY,TIAN JIN,,China
34,Beihang Univeristy,beijing,beijing,China
754,School of information& School of Science,Beijing,,China
1326,Zhejiang Chinese Medical University,Hangzhou,Zhejiang,China
1256,Wuhan University of Technology,Wuhan,Hubei,China
440,Institution of Thermal Science and Power Systems,HangZhou,ZheJiang,China
1287,Xiamen University,XIAMEN,FUJIAN,China
662,PekingUniversity(PKU),Beijing,,China
953,South-Central University For Nationalities,Wu han,Hu bei,China
696,Renmin Universuty of China,Beijing,Beijing,China
250,FuZhou College of Foreign Studies and Trade,Fuzhou,Fujian,China
264,Gannan Normal University,Ganzhou,Jiangxi,China
284,Guangdong University of Finance and Economics,Guangzhou,Guangdong,China
282,Guangdong University of Finance & Economics,Guangzhou,Guangdong,China
275,GuangDong University of Foreign Studies,Guangzhou,GuangDong Province,China
260,Fuzhou University,Fuzhou,Fujian,China
120,China University of Geosciences,Beijing,,China
889,Sichuan Agricultural University,Chengdu,Sichuan,China
817,Shanghai Kongjiang High School,Shanghai,,China
1233,Westminster College,Salt Lake City,UT,USA
1045,The University of Edinburgh,Edinburgh,MIdlothian,United Kingdom
1190,University of Shanghai for Science & Technology,Shanghai,Shanghai,China
333,Henan Normal University,Henan Xinxiang,China,China
261,GUANGDONG PHARMACEUTICAL UNIVERSITY,Zhongshan,Guangdong,China
443,Jacksonville University,Jacksonville,FL,USA
1198,University of Washington,Seattle,WA,USA
1204,University of Wisconsin-Stevens Point,Stevens Point,WI,USA
394,Humboldt State University,Arcata,CA,USA
60,Beijing University of Post and Telecommunication,Beijing,,China
803,Shanghai Foreign Language School,Shanghai,Shanghai,China
1293,Xidian University,Xi'an,shaanxi,China
483,Lawrence Technological University,Southfield,MI,USA
415,Inner Mongolia University For The Nationalities,Tongliao,the Inner Mongolia Autonomous Region,China
1299,"Xitucheng 10th Road, Haidian District.Beijing Univ. of Posts and Telecomm. Beijing, Beijing 100876",Beijing,Beijing,China
798,Shandong university of finance and economics in China,jinan,,China
878,"Shenzhen University, China",Shenzhen,Guangdong,China
866,Shenyang Normal University,Liaoning Province Shenyang City,Asia,China
54,Beijing Union University,Beijing,,China
252,Fudan University,Berkeley,CA,USA
306,Hangzhou Normal University Qianjiang College,Hangzhou,Zhejiang,China
682,Qufu Normal University,Qufu,Shandong,China
1301,Xiâ€™an University of Architecture and Technology,Xiâ€™an,Shaanxi Province,China
307,Hannan University,Haikou,Hainan,China
255,Fujian Agriculture and Forestry University,Fuzhou,Fujian,China
32,Beihang Univeristy,Beijng,,China
429,Institute of Scientific & Engineering Computing,Hangzhou,Zhejiang,China
1012,Sun Yat-sen University,Guangzhou City,Guangdong Province,China
104,Changsha University of Science and Technology,Changsha,Hunan,China
1118,"University of California, San Diego",La Jolla,CA,USA
1244,Wuhan Univ,Wuhan,Hubei,China
263,GUANGDONG UNIVERSITY OF FINANCE AND ECONOMICS,Guangzhou,Guangdong,China
396,Hunan Police Academy,Changsha,Hunan,China
279,Guangdong University Of Finance and Economy,Guangzhou,Guangdong,China
287,Guangdong University of Foreign Studies,guangzhou,guangzhou,China
1177,University of Science and Technology Liaoning,Anshan,Liaoning,China
283,Guangdong University of Finance Economics,Guangzhou,Guangdong,China
861,Shenyang Institute of Technology,Fushun,Liaoning,China
226,East China Normal Univeristy,Shanghai,,China
936,South China Normal University,Shenzhen,Guangdong,China
1394,university,Shanghai,minhang,China
1356,ZhengzhouÂ University,Zhengzhou,Henan,China
285,Guangdong University of Finance and Econonmics,Guangzhou,,China
607,North University of China,Taiyuan,Shanxi,China
127,"China University of Geosciences, Beijing",Beijing,,China
1264,X1'an University of Architecture and Technology,Xi'an,Shaanxi,China
785,Shandong University of Finance and Economics,shandong,jinan,China
728,Sam Houston State University,Huntsville,TX,USA
460,Jinan University,Guanghzou,Guangdong,China
18,Austin Peay State University,Clarksville,TN,USA
461,Jinan University,Guangzhou,Guangdong,China
731,School of Computer Science and Technology,Jinan,Shandong Province,China
1331,Zhejiang University,Beijing,,China
385,Huazhong University of Science and technology,Wuhan,Hubei,China
1328,Zhejiang Industry & Trade Vocational College,Wenzhou,Zhejiang,China
1044,The University of Dallas,Irving,TX,USA
1164,University of North Texas,Denton,TX,USA
1156,University of Michigan,Ann Arbor,MI,USA
651,Pacific University,Forest Grove,OR,USA
1203,University of Wisconsin-Madison,Madison,WI,USA
1119,University of Cambridge,Cambriddge,,United Kingdom
70,Binghamton University (SUNY),Binghamton,NY,USA
1123,University of Colorado Denver,Denver,CO,USA
271,Grand View University,Des Moines,IA,USA
1221,Wartburg College,Waverly,IA,USA
1363,concordia college NY,pleasantville,NY,USA
1362,concordia college NY,bronxville,NY,USA
408,Indiana University of Pennsylvania,Indiana,PA,USA
1082,Trinity,San Antonio,TX,USA
165,Clemson University,Clemson,SC,USA
187,Colorado College,Colorado Springs,CO,USA
1343,Zhejiang University of Technology,Hangzhou,,China
262,GUANGDONG UNIVERSITY OF FINANCE AND ECONOMICS,GUANGZHOU,GUANGDONG,China
1229,West Anhui University,Luâ€™an,Anhui,China
540,NORTH CHINA INSTITUTE OF SCIENCE AND TECHNOLOGY,BEIJING,BEIJING,China
124,China University of Geosciences Beijing,Beijing,Haidian District,China
462,Jinan University Zhuhai Campus,Zhuhai,GuangDong,China
1227,West Ahui University,Luâ€™an,Anhui,China
452,Jiangxi University of Finance and Economics,Nanchang,Jiangxi,China
888,SiChuan University,chengdu,SiChuan,China
958,South-Central University for Nationalities,Wuhan,Hubei,China
977,Southwest Jiaotong University,Leshan,SiChuan,China
1074,"Tianjin University,China",Tianjin,Tianjin,China
1341,Zhejiang University of Finance and Economics,Hangzhou,Zhejiang,China
1349,Zhengzhou Information Engineering University,Zhengzhou,Henan,China
1348,ZhengZhou University,ZhengZhou,HeNan,China
1279,Xi'an University of Architecture and Techonology,Xi'an,Shaanxi Province,China
274,GuangDong University of Finance and Economics,Guangzhou,Guangdong,China
624,Northwestern Polytechnical University,XI`AN,Shaanxi,China
1322,ZaoZhuang University,ZaoZhuang,ShanDong Province,China
717,SOUTH CHINA UNIVERSITY OF TECHNOLOGY,ShenZhen,GuangDong,China
1134,University of International Business and Economics,"BeiJing,chaoyang district",BeiJing,China
1262,Wuhan university,wuhan,hubei,China
128,"China University of Geosciences,Beijing",Beijing,Beijing,China
586,Naval Aeronautical Engineering Institute Qingdao Campus,Qingdao,Shandong,China
432,Institution of Innovation; Northeastern University,Shenyang,Liaoning,China
697,Renming University,Beijing,,China
1296,Xinjiang University,Urumchi,Xinjiang Autonomous Region,China
886,ShuGuang School,Zigong,Sichuan,China
1247,Wuhan University,Wu Han,Hubei Province,China
234,East China University of Science And Technology,Shanghai,Shanghai,China
797,Shandong university of finance and economics,jinan,,China
609,Northeast Forestry University,Harbin,Heilongjiang,China
699,Research Center of Control & Simulation; Northeastern University,Shenyang,Liaoning,China
1241,WuYi University,Wuyishan,Fujian,China
532,NANJING UNIVERSITY,Nanjing,Jiangsu,China
319,Hebei United University,Tangshan,Hebei,China
0,.Renmin University of China,Beijing,Beijing,China
212,Department of Mathematics and Institute of Natural Sciences,SHANGHAI,SHANGHAI,China
1298,Xinyang Normal University,Xinyang,Henan,China
412,Information Engineering University,Zhengzhou,Henan,China
1063,Tianjin University,Nankai,Tianjin,China
1025,Tarim University,alaer,Sinkiang,China
524,Minzu University of China,Bejing,Beijing,China
741,School of Materials and Metallurgy; Northeastern University,Shenyang,Liaoning,China
174,College of Information Science and Engineering; Northeastern University,Shenyang,Liaoning,China
427,Institute of Metallurgical Resource and Environmental Engineering ; Northeastern University,Shenyang,Liaoning,China
426,Institute of Mechatronics Engineering; Northeastern University,Shenyang,Liaoning,China
749,"School of Mechanical Engineering and Automation,Northeastern University",Shenyang,Liaoning,China
1214,Virtual reality and simulation; Northeastern University,Shenyang,Liaoning,China
433,Institution of Intelligent Robots and Pattern Recognition; Northeastern University,Shenyang,Liaoning,China
421,Institute of Artificial Intelligence and Robotics; Northeastern University,Shenyang,Liaoning,China
173,College of Information Science & Engineering; Northeastern University,Shenyang,Liaoning,China
237,East china normal University,Shanghai,,China
655,Pattern Recognition;Northeastern University,Shenyang,Liaoning,China
437,Institution of Metallurgy Resources and Environmental Engineering; Northeastern University,Shenyang,Liaoning,China
506,Materials and metallurgy; Northeastern University,Shenyang,Liaoning,China
422,Institute of Computer System;Northeastern University,Shenyang,Liaoning,China
424,Institute of Electrical Engineering and Automation; Northeastern University,Shenyang,Liaoning,China
1215,Virtual reality and simulation;Northeastern University,Shenyang,Liaoning,China
1036,The Hong Kong Polytechnic University,Kowloon,Hong Kong,China
940,South China University Of Technology,Guangzgou,,China
1083,Truman State University,Kirksville,MO,USA
468,Kansas State University,Manhattan,KS,USA
122,China University of Geosciences (Beijing),Beijing,Beijing,China
1059,Tianjin Agricultural University,Tinjin,86,China
472,Key Laboratory of Medical Image Computing; Northeastern University,Shenyang,Liaoning,China
191,Communication University of ChinaÂ ,Beijing,Beijing,China
748,"School of Mechanical Engineering and Automation, Northeastern University",Shenyang,Liaoning,China
907,Signal and information processing; Northeastern University,Shenyang,Liaoning,China
704,Robotics and Automation; Northeastern University,Shenyang,Liaoning,China
909,Sino-Dutch Biomedical and Information Engineering School; Northeastern University,Shenyang,Liaoning,China
438,Institution of Pattern Recognition ;Northeastern University,Shenyang,Liaoning,China
654,Pattern Recognition ;Northeastern University,Shenyang,Liaoning,China
846,Shantou University,Shantou,Guangdong,China
471,Key Laboratory of Ecological Utilization of Multi-metal Intergrown Ores of Ministry of Education &School of Materials and Metall,Shenyang,Liaoning,China
439,Institution of Software; Northeastern University,Shenyang,Liaoning,China
44,Beijing Jiaotong University,beijing,,China
979,Southwest Petroleum University,Chengdu City,Sichuan Province,China
681,Quanzhou Normal University,quanzhou,fujian,China
899,Sichuan University,Albany,NY,USA
484,Lehigh University,Bethlehem,PA,USA
963,SouthWestern University of Finance and Economics,Chengdu,SiChuan,China
67,Belhaven University,Jackson,MS,USA
1400,wuhan university,Wuhan,,China
520,Minzu University of China,BEIJING,BEIJING,China
783,Shandong University of Fianace and Economics,Jinan,Shandong,China
789,Shandong University of Science and Technology,Tai'an city,Shandong province,China
788,Shandong University of Science and Technology,Tai'an City,Shandong Province,China
594,"Ningbo Institute of Technology, Zhejiang University",Ningbo City,Zhejiang,China
1268,Xi'an Aeromautical Polytechnic Institute,Xi'an,Shaanxi,China
790,"Shandong University of Science and Technology,",Tai'an city,Shandong province,China
1094,UNIVERSITY OF SCIENCE AND TECHNOLOGY OF CHINA,HeFei,,China
359,Hong Kong University of Science and Technology,Clear Water Bay-Kowloon,,Hong Kong
366,HuaQiao University,QuanZhou,FuJian,China
365,HuaQiao University,Quan Zhou,Fu Jian,China
1334,Zhejiang University,HangZhou,,China
747,School of Mathematics,Chengdu City,Sichuan,China
382,Huazhong University of Science and Technolog,Wuhan,Hubei,China
129,China University of Mining and Technology,Xuzhou,Jiangsu,China
1053,Tian Jin University,TianJin,TianJin,China
1258,"Wuhan University,China","Wuhan,China",Wuhan,China
1184,University of Science and Technology of China,"Hefei, China",,China
1007,Sun Yat-Sen University,Zhuhai,Guangdong,China
1259,Wuhan Universtity,Wuhan,Hubei,China
177,College of Science,Beijing,,China
216,Dongbei University of Finance and Economics,"Dalian,China",Dalian,China
242,Electrical engineering,HangZhou,,China
743,"School of Mathematical Sciences, Xiamen University",Xiamen,Fujian,China
1062,Tianjin Univ. of Commerce,Tianjin,Tianjin,China
6,American Heritage School Plantation,Plantation,FL,USA
369,Huainan Normal University,Huainan,Anhui,China
530,Mount Holyoke College,South Hadley,MA,USA
1043,The University of Business and Economics,Beijing,,China
1105,Univeristy of International Business and Economics,Beijing,,China
184,College of Software; Northeastern University,Shenyang,Liaoning,China
423,Institute of Digital media technology; Northeastern University,Shenyang,Liaoning,China
913,Software College; Northeastern University,Shenyang,Liaoning,China
1130,University of Illinois at Urbana-Champaign,Urbana,IL,USA
72,Binzhou University,Binzhoou,Shandong,China
73,Binzhou University,Binzhou,Shandong,China
288,Guangdong University of Petrochemical Technology,Maoming,Guangdong,China
466,Jinling Institute of Technology,Nanjing,Jiangsu,China
317,Hebei Finance University,Baoding,Hebei,China
487,Liaocheng University,Liaocheng,Shandong,China
297,HEBEI FANANCE UNIVERSITY,Baoding,Hebei,China
16,Army Officer Academy,Hefei,Anhui,China
486,Liaocheng Univ.,Liaocheng,Shandong,China
1189,University of Science and Technoloy of China,Hefei,Anhui,China
304,Hangzhou Dianzi University,Hangzhou,Zhejiang,China
375,Huaqiao University,Xiamen,Fujian,China
1048,The University of Shanghai for Science and Technology,Shanghai,Shanghai,China
883,Shijiazhuang University,Shijiazhuang,Hebei,China
302,Hainan University,haikou,hainan,China
502,Macau University of Science and Technology,Macau,,China
1355,Zhengzhou university,zhengzhou,henan,China
1316,Yunnan Minzu University,kunming,yunnan,China
246,Faculty of Information Science and Engineering; Northeastern University,Shenyang,Liaoning,China
917,Software college; Northeastern University,Shenyang,Liaoning,China
880,Shihezi University,Shihezi,Xinjiang,China
751,School of Science of Tianjin University,Tian Jin,China,China
1315,Yunnan Minzu University,Kunming,Yunnan,China
616,"Northeastern University, China",Shenyang,Liaoning,China
879,ShiHeZi University,ShiHiZi,xinjiang,China
708,SHANGHAI JIAO TONG UNIVERSITY,SHANGHAI,SHANGHAI,China
739,School of Information Science and Engineering; Northeastern University,Shenyang,Liaoning,China
311,Harbin Medical University,Harbin,Hei Long Jiang,China
445,JiangXi College of Construction,NanChang,JiangXi,China
182,College of Sciences ; Northeastern University,Shenyang,Liaoning,China
96,CentralÂ ChinaÂ NormalÂ University,Wuhan,Hubei,China
827,Shanghai University for Science and Technology,Shanghai,Shanghai,China
436,Institution of Maths ; Northeastern University,Shenyang,Liaoning,China
707,SHANDONG UNIVERSITY,JINAN,Shandong,China
752,School of Sciences;Northeastern University,Shenyang,Liaoning,China
720,SOUTHWEST UNIVERSITY FOR NATIONALITIES,CHENGDU,SICHUAN,China
1303,Xuhai College of China University of Mining and Technology,Xuzhou,Jiangsu,China
1304,Xuhai college of China University of Mining and Technology,Xuzhou,Jiangsu,China
378,Huazhong Agricultural University Chutian College,Wuhan,Hubei,China
1290,"Xiamen University,China",Xiamen,Fujian,China
871,Shenyang University of Technology,Shenyang,Liaoning,China
1305,Xuzhou Institute of Technology,Xuzhou,Jiangsu,China
606,North China University of Water Resources and Electric Power,Zhengzhou,Henan Province,China
1300,Xiâ€™an University Of Architecture and Technology,Xiâ€™an,Shaanxi,China
323,Hebei university,baoding,hebei,China
593,"Ningbo Institute of Technology, Zhejiang University",Ningbo,Zhejiang,China
630,Ocean University Of China,Qingdao,Shandong,China
321,Hebei University,baoding,hebei,China
392,Hubei University of Technology,Wuhan,Hubei Province,China
419,Inner Mongolia University of technology,Hohhot,Inner Mongolia,China
1024,Taizhou Ploytechnic College,Taizhou,Jiangsu,China
589,Naval University of Engineering,Wuhan,Hubei,China
332,Henan Institute of Science and Technology,Xinxiang,Henan,China
588,Naval University of Engineering,Wuahn,Hubei,China
1026,Teacher,Beijing,Beijing,China
465,Jinling High School,Nanjing,Jiang Su,China
959,South-Central University for Nationalities,wuhan,hubei,China
906,Sichuan university,Chengdu,Sichuan,China
1319,Yunnan University,kunming,yunnan,China
1253,Wuhan University,wuhan,Hubei,China
1384,shenyang university of technology,Shenyang,Liaoning,China
952,South-Center University For Nationalities,Wuhan,Hubei Province,China
887,SiChuan University,Chengdu,Sichaun,China
1381,shenyang University of Technology,Shenyang,Liaoning,China
665,Physics School of Nankai University,Tianjin,Tianjin,China
158,"City College, Wuhan University of Science and Technology",Wuhan,Hubei,China
1373,professor,Wuhan,Hubei,China
154,Chongqing University of Science and Technology,Chongqing,,China
998,Southwestern University of Finance and economics,Chengdu,Sichuan,China
135,China University of Petroleum,beijing,beijing,China
1367,mathematics and systems science institute,Beijing,Beijing,China
1077,TongJi University,Shanghai,Shanghai,China
256,Fujian Normal University,Fuzhou,Fujian,China
1368,minzu univercity of China,Beijing,Beijing,China
229,East China Normal University,ShangHai,,China
1225,Wenzhou University,Wenzhou,Zhejiang,China
1389,the Central University of Finance and Economics,Beijing,Beijing,China
397,Hunan University,Changsha,Hunan,China
1125,University of Delaware,Newark,DE,USA
473,Kunming University,Kunming,Yunnan,China
1292,Xidian University,XI'AN,SHAANXI,China
1169,University of Richmond,RIchmond,VA,USA
706,Rose-Hulman Institute of Technology,Terre Haute,IN,USA
680,Quantitative Economics Research Institute of Nankai University,Tianjin,Tianjin,China
435,Institution of Mathematics;Northeastern University,Shenyang,Liaoning,China
519,Minzu Univercity of China,Beijing,,China
434,Institution of Mathematics; Northeastern University,Shenyang,Liaoning,China
1114,University at Buffalo (SUNY),Buffalo,NY,USA
705,Roger Williams University,Bristol,RI,USA
181,College of Sciences,Shenyang,Liaoning,China
617,Northern Kentucky University,Highland Heights,KY,USA
2,Academy of Armored Forces Engineering,Beijing,Beijing,China
1162,University of Nebraska-Lincoln,Lincoln,NE,USA
430,Institute of Systems Science; Northeastern University,Shenyang,Liaoning,China
168,Colgate University,Hamilton,NY,USA
272,Grinnell College,Grinnell,IA,USA
884,Shippensburg University,Shippensburg,PA,USA
315,Harvey Mudd College,Claremont,CA,USA
1168,University of Puget Sound,Tacoma,WA,USA
908,Simpson College,Indianola,IA,USA
82,"California State University, Fullerton",Fullerton,CA,USA
76,Bryn Athyn College,Bryn Athyn,PA,USA
757,Seattle Pacific University,Seattle,WA,USA
947,South Dakota School of Mines & Technology,Rapid City,SD,USA
1159,University of Minnesota - Twin Cities,"Minneapolis,",MN,USA
222,Duquesne University,Pittsburgh,PA,USA
1099,Ulster University,Bealfast,Northern Ireland,United Kingdom
1202,University of Wisconsin--River Falls,River Falls,WI,USA
81,California Polytechnic State University,San Luis Obispo,CA,USA
196,Dalhousie University,Halifax,Nova Scotia,Canada
1115,University of Adelaide,Adelaide,SA,Australia
213,Department of Mathematics; Northeastern University,Shenyang,Liaoning,China
231,East China Normal University(China),"Shanghai,China",Shanghai,China
313,Harbin University of Science and Technology,Harbin,Heilongjiang,China
277,Guangdong Polytechnic Normal University,Guangzhou,Guangdong,China
791,Shandong University of Science and Technologyï¼ŒChina,Qingdao City,Shandong Province,China
370,Huaiyin Normal University,Huaian,Jiangsu,China
3,Air Force Engineering University,Xi'an,Shaanxi,China
153,Chongqing University of Science &Technology,Chongqing,,China
152,Chongqing University of Science & Technology,Chongqing,,China
548,Nanjing Agricultural University,Nanjing,Jiangsu,China
1113,University Of Shanghai For Science and Technology,Shanghai,Shanghai,China
1278,Xi'an University of Architecture and Technology,Xiâ€™An,ShaanXi,China
501,Luoyang Normal University,Luoyang,Henan,China
673,Qingdao University of Science and Technology,Qingdao,Shandong,China
251,Fudan Univerity,Shanghai,,China
895,Sichuan Agriculture University,WENJIANG,SICHUAN,China
1100,Undergraduate,Beijing,Beijing,China
1286,Xi'an university of architecture & technology,Xi'an,Shannxi,China
42,"Beijing Institute of Technology, Zhuhai",Zhuhai,Guangdong,China
159,City University of Hong Kong,City University of Hong Kong,,Hong Kong
758,Seattle University,Seattle,WA,USA
549,Nanjing College of Information Technology,Nanjing,Jiangsu,China
314,Harbin University of Science and Technology Rongcheng,Rongcheng,Shandong,China
642,Officers College of CAPF,chengdu,sichuan,China
547,Nanjing Agricultural University,NanJing,JiangSu,China
550,Nanjing Foreign Language School,Nanjing,Jiangsu,China
1027,Telkom University,Bandung,Indonesia,Indonesia
303,Hainu University,Haikou,Hainan,China
819,Shanghai Maritime University,Shanghai,Shanghai,China
371,Huanggang Normal University,Huanggang,Hubei Province,China
629,Ocean Univercity of China,Qingdao City Shandong Province,,China
626,Northwestern Polytechnical University,xi 'an,shanxi,China
676,"Qinggong College, Hebei United University",Tangshan,Hebei,China
280,Guangdong University Of foreign Studies,Guangzhou,Guangdong,China
1273,Xi'an University Of Architecture and Technology,Xi'an,Shanxi,China
1228,West Anhui University,Luâ€˜an,Anhui,China
1149,University of Jinan,Jinan,Shandong,China
1008,Sun Yat-sen University,GUANGZHOU,GUANGDONG,China
1245,Wuhan Univ.,Wuhan,Hubei,China
920,Soochow university,Suzhou,,China
495,Linyi Number 7 middle school,Linyi,Shandong Provience,China
1393,undergraduate,hangzhou,zhejiang,China
130,China University of Mining and Technology-Beijing,Beijing,,China
535,NANKAI UNIVERSITY,tian jin,tianjin,China
897,Sichuan Normal University Chengdu College,Chengdu,Sichuan,China
273,GuangDong Ocean University,Zhan Jiang,Guangdong,China
494,Linnaeus University,Vaxjo,kronoberg,Sweden
534,NANKAI UNIVERSITY,TianJin,TianJin,China
214,Dezhou University,Dezhou,Shandong,China
531,Mount St. Mary's University,Emmitsburg,MD,USA
1211,Virginia Tech,Blacksburg,VA,USA
1357,ZhongKai University of Agriculture and Engineering,GuangZhou,GuangDong,China
1369,minzu univercity of china,beijing,Asia,China
533,NANKAI UNIVERSITY,TIANJIN,TIANJIN,China
578,Nantong University,NANTONG,JIANGSU,China
407,Indiana University Bloomington,Bloomington,IN,USA
1201,University of Wisconsin Milwaukee,Milwaukee,WI,USA
497,Louisiana Tech University,Ruston,LA,USA
643,Ohio University,Athens,OH,USA
514,Miami University,Oxford,OH,USA
505,Maryville College,Maryville,TN,USA
1197,University of Utah,Salt Lake City,UT,USA
221,Duke University,Durham,NC,USA
1151,University of Liverpool,Liverpool,Merseyside,United Kingdom
1223,Wells College,Aurora,NY,USA
911,Smith College,Northampton,MA,USA
1126,University of Denver,Denver,CO,USA
442,Ithaca College,Ithaca,NY,USA
1166,University of Ontario Institute of Technology,Oshawa,Ontario,Canada
703,Roanoke College,Salem,VA,USA
1160,University of Minnesota Duluth,Duluth,MN,USA
80,Cal Poly Pomona,Pomona,CA,USA
644,Olin College,Needham,MA,USA
469,Kansas Wesleyan University,Salina,KS,USA
1224,Wentworth Institute of Technology,Boston,MA,USA
687,Randolph College,Lynchburg,VA,USA
1031,The College of Idaho,Caldwell,ID,USA
688,Regis University,Denver,CO,USA
513,Metropolitan State University of Denver,Denver,CO,USA
192,Cornell College,Mount Vernon,IA,USA
268,Georgia College,Milledgeville,GA,USA
1032,The College of Wooster,Wooster,OH,USA
185,College of Wooster,Wooster,OH,USA
912,Snake River HS,Blackfoot,ID,USA
1313,Youngstown State University,Youngstown,OH,USA
470,Kenyon College,Gambier,OH,USA
700,Research Institution for computational science and Engineering,Hangzhou,,China
675,Qingdao agricultural university,Qingdao,Shandong,China
670,Qingdao Agricultural University,Qingdao,Shandong,China
799,Shandong university of science and technology,Shandong Qingdao,,China
551,Nanjing Forestry University,Nanjing,,China
155,Chongqing University of Science and Technology,é‡�åº†,ChongQing,China
921,Soochow universuty,Suzhou,,China
1249,Wuhan University,"Wuchang, Wuhan",Hubei Province,China
1017,Syracuse University,Syracuse,NY,USA
1075,Tianjin university,Tianjin,Tianjin,China
669,Qingdao Agricultural Universiry,Qingdao,Shandong,China
772,Shandong Jianzhu University,Jinan,Shandong,China
579,Nantong University,NanTong,JiangSu,China
761,Shaanxi Electronic Technical College,Xi'an,SHAANXI,China
738,School of Information,Beijing,,China
257,Fujian University of Technology,Fuzhou,Fujian,China
401,ISS of Wuhan University,Wuhan,Hubei Province,China
59,Beijing University of Chemical Technology,"Chaoyang District, Beijing",Beijing,China
57,Beijing University of Chemical Technology,"Caoyang District,",Beijing,China
66,Bejing University of Chemical Technology,Chaoyang District,Beijing,China
843,Shanghai university,Shanghai,,China
58,Beijing University of Chemical Technology,Chaoyang District,Beijing,China
1309,Yanshan University,Qinhuangdao,Hebei,China
610,Northeast Normal University,Changchun,,China
463,Jinhua Polytechnic,Jinhua,Zhejiang,China
536,NANTONG UNIVERSITY,NANTONG,JIANGSU,China
820,Shanghai Normal University,Shanghai,,China
358,Hong Kong Baptist University,Kowloon,,Hong Kong
1361,chongqing university of posts and telecommunications,ChongQing,ChongQing,China
417,Inner Mongolia University of Finance and Economics,Hohhot,Inner Mongolia,China
1140,"University of International Business and Economics, School of Finance",Beijing,,China
367,Huaibei Normal University,Huaibei,Anhui,China
1297,Xinjiang University,Urumqi,Xinjiang,China
779,Shandong University,Jinan Shandong Province,Shandong Province,China
1365,henan normal university,xinxiang,henan,China
4,Air Force Logistics College,Xuzhou,Jiangsu Province,China
276,GuangDong Vocational College of Environmental Protetion Engineering,FoShan,GuangDong Province,China
346,Henan normal University,xinxiang,henan,China
1120,University of Cambridge,Cambridge,,United Kingdom
467,Jinshan College of Fujian Agriculture and Forestry University,Fuzhou,Fujian,China
875,Shenzhen Middle School,Shenzhen,Guangdong,China
919,Soochow University,Suzhou,,China
1107,Universitat AutÃ²noma de Barcelona,Bellaterra,Barcelona,Spain
1325,Zhejiang A&F University,Hangzhou,Zhejiang,China
1320,ZHEJIANG UNIVERSITY,shanghai,shanghai,China
1345,"Zhejiang University, China","Hangzhou, Zhejiang Province",,China
1388,the Capital Normal University,Beijing,Asia,China
628,Nottingham Trent University,Nottingham,,United Kingdom
156,Chongqing University of Technology,Chongqing,,China
1386,shenzhen unviersity,Shenzhen,Guandong,China
983,Southwest jiaotong University,Chengdu,Sichuan,China
106,Chengdu College of Univ. of Elec. Sci. and Tech. of China,Chengdu,Sichuan,China
1250,Wuhan University,"Wuchang,Wuhan",Hubei,China
1195,University of Stirling,Stirling,,Scotland
504,Maggie Walker Governors School,Richmond,VA,USA
608,Northeast Agricultural University,Harbin,Heilongjiang,China
632,Ocean University of China,QingDao,ShangDong,China
77,Bucknell University,Lewisburg,PA,USA
1232,Westminster College,New Wilmington,PA,USA
1175,University of Science And Techology Of China,HeFei,AnHui,China
576,Nankai university,Tianjin,Tianjin,China
1210,Virginia Military Institute,Lexington,VA,USA
756,Scuola Monotecnica Superiore Dongemenese,Beijing Dongcheng District,Municipality of Beijing,China
164,Clarkson University,Potsdam,NY,USA
15,Appalachian State University,Boone,NC,USA
75,Brown University,Providence,RI,USA
87,Carnegie Mellon University,Pittsburgh,PA,USA
726,Saint Louis University,St. Louis,MO,USA
1170,University of San Diego,San Diego,CA,USA
405,Illinois Institute of Technology,CHICAGO,IL,USA
1087,Tufts University,Medford,MA,USA
518,Minnesota State University Moorhead,Moorhead,MN,USA
1267,Xavier University,Cincinnati,OH,USA
1051,The University of Western Ontario,London,ON,Canada
1150,University of Kentucky,Lexington,KY,USA
511,Mercer University,Macon,GA,USA
760,Sewanee: the University of the South,Sewanee,Tennessee,USA
7,Amherst College,Amherst,MA,USA
1199,University of West Georgia,Carrollton,GA,USA
515,Midlands Technical College,Columbia,SC,USA
701,Rhodes College,Memphis,TN,USA
88,Carroll College,Helena,MT,USA
476,Lafayette College,Easton,PA,USA
1196,University of Texas at Austin,Austin,TX,USA
238,Eastern Michigan University,Ypsilanti,MI,USA
1312,York University,Toronto,Ontario,Canada
17,Asbury University,Wilmore,KY,USA
1167,University of Pittsburgh,Pittsburgh,PA,USA
269,Georgia Southern University,Statesboro,GA,USA
208,Dalton State College,Dalton,GA,USA
702,Richard Stockton College of New Jersey,Galloway,NJ,USA
968,Southern Connecticut State University,New Haven,CT,USA
1158,University of Minnesota,Minneapolis,MN,USA
167,Colby College,Waterville,ME,USA
686,Ramapo College of New Jersey,Mahwah,NJ,USA
649,PLA University of Science and Technology,Nanjing,Jiangsu,China
243,Emory University,Atlanta,GA,USA
967,Southeastern Oklahoma State University,Durant,OK,USA
870,Shenyang University,Shenyang,Liaoning,China
13,Anhui University of Technology,Ma'anshan,,China
1289,Xiamen University of Technology,Xiamen,Fujian,China
1089,UC Berkeley,Berkeley,CA,USA
1106,Universidad Autonoma de Yucatan,Merida,Yucatan,mexico
1395,university,Tianjing,Tianjing,China
545,Nanchang Institute of Technology,Nanchang,Jiangxi,China
1280,Xi'an University of Finance & Economics,Xi'an,Shaanxi,China
488,Liaoning Normal University,Dalian,Liaoning,China
448,Jiangnan University,Wuxi,Jiangsu,China
1311,Yichun University,Yichun,Jiangxi,China
744,"School of Mathematical Sciences,Nanjing Normal University",Nanjing,Jiangsu,China
1009,Sun Yat-sen University,Guang zhou,Guang dong,China
985,Southwest petroleum university,Chengdu,,China
188,Colorado State University,Fort Collins,CO,USA
1041,The Stony Brook School,Stony Brook,NY,USA
1263,Wuxi Big Bridge Academy,Wuxi,Jiangsu,China
209,Davidson College,Davidson,NC,USA
910,Slippery Rock University,Slippery Rock,PA,USA
1302,Xiâ€™an University of Finance & Economics,Xi'an,Shaanxi,China
623,Northwest University for Nationalities,Lanzhou,Gansu,China
193,Cornell University,Ithaca,NY,USA
1265,XI'AN UNIVERSITY OF FINANCE AND ECONOMICS,XI'an,Shaanxi,China
1243,Wuhan Uniersity,Wuhan,Hubei,China
325,Hefei Normal University,Hefei,Anhui,China
698,Rensselaer Polytechnic Institute,Troy,NY,USA
63,Beijing Wuzi University,Beijing,Beijing,China
1171,University of Sci&Tech of China,Hefei,Anhui,China
441,"International Institute of Information Technology, Hyderabad",Hyderabad,Telangana,India
1128,University of Helsinki,Helsinki,,Finland
652,Paivola School of Mathematics,Tarttila,,Finland
622,Northwest University for Nationalities,Gansu,Lanzhou,China
5,Albion College,Albion,MI,USA
637,Ocean University of China,qingdao,Shandong,China
770,Shandong Experimental High School,Jinan,Shandong,China
1347,Zhejiang university,Hangzhou,Zhejiang,China
175,College of Mobile Telecommunications. Chongqing University of Posts and Telecom.,Chongqing,,China
678,QuFu Normal University,Ji ning,Shan Dong,China
510,Maths,Shanghai,,China
1121,University of Central Florida,Orlando,FL,USA
627,"Northwestern Polytechnical University, P.R.CHINA",XI'AN,SHAANXI,China
475,Kwangwoon University,Seoul,,South Korea
780,Shandong University,æµŽå�—å¸‚,å±±ä¸œçœ�,China
1350,Zhengzhou University,Zheng zhou,He nan,China
1155,University of Maryland,College Park,MD,USA
20,Bard College,Annandale-on-Hudson,NY,USA
29,Beihang Univeristy,Beiing,,China
1161,"University of Minnesota, Twin Cities",Minneapolis,MN,USA
527,Missouri Southern State University,Joplin,MO,USA
166,Coe College,Cedar Rapids,IA,USA
663,Penn State Abington,Abington,PA,USA
1038,The Pennsylvania State University,University Park,PA,USA
406,Illinois Institute of Technology,Chicago,IL,USA
666,Purdue University,West Lafayette,IN,USA
1200,University of Wisconsin - La Crosse,La Crosse,WI,USA
1235,Winthrop University,Rock Hill,SC,USA
267,Georgetown University,Washington,DC,USA
727,Salisbury University,Salisbury,MD,USA
529,Morehead State University,Morehead,KY,USA
1165,University of Oklahoma,Norman,OK,USA
918,Sonoma State University,Rohnert Park,CA,USA
646,Oregon State University,Corvallis,OR,USA
